epoch,acc,loss,val_acc,val_loss
0,0.51253563,1.749128965959815,0.8098227,0.5863669364333999
